Tiempo_Busqueda,Sexo,Edad,Nivel_Educativo,Jefe_Hogar,Estado_Civil,Estrato,Canal_Busqueda,Ingreso_No_Laboral,Ocupados
1.0,0,1,2.0,1,4.0,1,1.0,2.0,1
36.0,1,3,3.0,0,2.0,1,1.0,2.0,1
2.0,1,3,3.0,0,4.0,1,1.0,2.0,1
50.0,0,1,3.0,0,4.0,1,1.0,2.0,1
12.0,1,1,2.0,1,6.0,1,2.0,2.0,1
3.0,0,2,2.0,1,4.0,1,1.0,2.0,1
3.0,0,3,2.0,0,4.0,1,1.0,2.0,1
4.0,1,2,2.0,1,2.0,1,1.0,2.0,1
6.0,0,2,2.0,0,2.0,1,1.0,2.0,1
156.0,0,1,2.0,0,2.0,1,1.0,2.0,1
2.0,0,1,2.0,1,5.0,1,1.0,2.0,1
20.0,0,1,3.0,0,6.0,1,1.0,2.0,1
52.0,0,2,2.0,0,2.0,1,2.0,2.0,1
14.0,1,1,2.0,1,2.0,1,2.0,2.0,1
15.0,0,1,3.0,0,2.0,1,2.0,2.0,1
8.0,0,1,2.0,0,4.0,1,1.0,2.0,1
52.0,0,3,2.0,0,2.0,1,2.0,2.0,1
4.0,0,3,3.0,0,4.0,1,2.0,2.0,1
43.0,1,3,3.0,1,6.0,1,1.0,2.0,1
4.0,1,1,2.0,0,6.0,1,2.0,1.0,1
24.0,0,2,2.0,0,6.0,1,1.0,2.0,1
4.0,0,3,2.0,0,2.0,1,3.0,2.0,1
40.0,1,2,2.0,1,6.0,1,1.0,1.0,1
40.0,0,2,2.0,1,2.0,1,1.0,2.0,1
5.0,0,2,3.0,1,4.0,1,2.0,2.0,1
8.0,1,1,2.0,0,6.0,1,3.0,1.0,1
104.0,0,2,2.0,1,6.0,1,3.0,2.0,1
16.0,0,1,2.0,0,6.0,1,3.0,2.0,1
10.0,1,1,3.0,0,6.0,1,2.0,1.0,1
36.0,0,1,2.0,1,4.0,1,1.0,2.0,1
24.0,0,1,2.0,0,4.0,1,2.0,2.0,1
12.0,1,1,2.0,0,6.0,3,1.0,2.0,1
16.0,0,2,2.0,0,4.0,1,1.0,2.0,1
8.0,0,1,3.0,1,6.0,1,2.0,2.0,1
10.0,0,1,2.0,0,4.0,1,1.0,2.0,1
32.0,0,3,4.0,1,3.0,2,2.0,2.0,1
35.0,1,1,3.0,1,6.0,1,2.0,2.0,1
24.0,0,1,2.0,0,4.0,1,2.0,2.0,1
16.0,0,2,3.0,1,6.0,1,2.0,2.0,1
156.0,1,2,2.0,1,6.0,1,2.0,2.0,1
42.0,0,3,2.0,0,5.0,1,1.0,2.0,1
32.0,0,2,2.0,0,6.0,1,1.0,2.0,1
24.0,0,1,2.0,0,6.0,1,1.0,2.0,1
156.0,0,1,2.0,0,1.0,1,1.0,2.0,1
16.0,0,2,1.0,0,2.0,1,1.0,2.0,1
3.0,0,1,2.0,1,4.0,3,1.0,2.0,1
8.0,1,1,2.0,0,6.0,1,2.0,1.0,1
12.0,0,2,4.0,0,6.0,1,2.0,1.0,1
1.0,0,1,2.0,0,2.0,1,2.0,2.0,1
20.0,0,1,2.0,0,6.0,1,1.0,2.0,1
8.0,0,3,2.0,0,2.0,3,1.0,2.0,1
8.0,0,2,3.0,0,3.0,1,1.0,2.0,1
8.0,0,2,2.0,1,2.0,3,1.0,2.0,1
12.0,0,4,2.0,1,4.0,1,1.0,2.0,1
4.0,0,3,4.0,1,6.0,1,2.0,2.0,1
6.0,0,3,3.0,1,2.0,1,1.0,2.0,1
7.0,0,2,2.0,0,2.0,1,2.0,1.0,1
52.0,0,1,3.0,0,6.0,1,2.0,2.0,1
20.0,0,1,3.0,0,4.0,1,3.0,1.0,1
68.0,0,3,3.0,1,3.0,1,2.0,2.0,1
8.0,0,2,2.0,1,4.0,3,2.0,2.0,1
2.0,0,3,2.0,1,5.0,1,1.0,2.0,1
12.0,0,2,2.0,1,4.0,1,1.0,2.0,1
46.0,0,1,2.0,1,6.0,1,2.0,2.0,1
24.0,0,3,2.0,1,4.0,1,1.0,2.0,1
6.0,1,3,2.0,1,1.0,1,1.0,2.0,1
8.0,0,1,2.0,0,4.0,1,1.0,2.0,1
5.0,0,1,2.0,0,2.0,1,1.0,2.0,1
30.0,0,3,4.0,0,2.0,1,3.0,1.0,1
20.0,0,3,2.0,0,4.0,1,2.0,1.0,1
8.0,0,2,3.0,0,6.0,1,2.0,2.0,1
17.0,1,2,2.0,0,3.0,1,1.0,1.0,1
12.0,0,2,2.0,1,4.0,1,1.0,2.0,1
50.0,0,2,3.0,0,3.0,1,1.0,2.0,1
8.0,1,3,4.0,1,4.0,1,2.0,2.0,1
16.0,0,1,2.0,1,2.0,1,2.0,2.0,1
52.0,0,1,2.0,1,2.0,1,1.0,2.0,1
8.0,0,1,2.0,1,6.0,1,1.0,2.0,1
56.0,1,3,3.0,1,4.0,1,2.0,2.0,1
16.0,0,2,2.0,0,3.0,1,2.0,2.0,1
56.0,0,2,2.0,1,2.0,1,1.0,2.0,1
20.0,1,2,3.0,1,2.0,1,2.0,1.0,1
52.0,1,4,5.0,1,3.0,1,2.0,1.0,1
8.0,0,1,2.0,0,6.0,1,1.0,2.0,1
10.0,0,1,2.0,1,4.0,1,1.0,2.0,1
12.0,0,1,4.0,0,2.0,1,2.0,2.0,1
52.0,0,1,4.0,0,6.0,2,3.0,2.0,1
48.0,0,2,2.0,1,4.0,1,1.0,2.0,1
8.0,0,3,2.0,1,4.0,3,1.0,2.0,1
36.0,0,1,2.0,0,4.0,1,2.0,2.0,1
20.0,1,3,4.0,1,2.0,1,2.0,2.0,1
36.0,0,2,3.0,0,6.0,1,3.0,2.0,1
18.0,0,3,4.0,0,2.0,1,2.0,2.0,1
26.0,0,3,2.0,1,6.0,1,1.0,2.0,1
13.0,0,2,2.0,1,4.0,1,3.0,1.0,1
6.0,0,1,2.0,0,4.0,1,1.0,2.0,1
2.0,0,1,2.0,1,2.0,1,1.0,2.0,1
144.0,1,1,2.0,1,2.0,1,1.0,2.0,1
16.0,0,2,3.0,1,6.0,1,2.0,2.0,1
6.0,0,1,3.0,1,4.0,1,1.0,2.0,1
7.0,0,2,2.0,0,2.0,1,1.0,2.0,1
5.0,1,2,3.0,1,2.0,1,1.0,2.0,1
8.0,0,2,3.0,0,6.0,1,2.0,2.0,1
30.0,0,1,3.0,0,2.0,1,2.0,2.0,1
25.0,0,1,2.0,1,6.0,1,2.0,2.0,1
4.0,0,1,2.0,1,4.0,1,1.0,2.0,1
20.0,0,2,3.0,0,6.0,1,3.0,1.0,1
5.0,0,2,3.0,0,4.0,1,1.0,2.0,1
4.0,0,1,2.0,0,4.0,1,1.0,2.0,1
4.0,0,2,2.0,0,2.0,1,3.0,2.0,1
52.0,0,2,2.0,1,4.0,1,1.0,2.0,1
52.0,1,1,2.0,0,6.0,1,2.0,2.0,1
52.0,0,3,2.0,1,2.0,1,1.0,2.0,1
48.0,0,1,2.0,1,2.0,1,2.0,2.0,1
32.0,0,3,2.0,1,4.0,1,1.0,2.0,1
36.0,0,2,2.0,1,4.0,1,1.0,2.0,1
14.0,1,1,2.0,0,6.0,1,3.0,2.0,1
8.0,0,3,2.0,1,1.0,1,2.0,2.0,1
40.0,0,3,2.0,1,4.0,1,1.0,2.0,1
16.0,0,1,3.0,0,4.0,1,2.0,2.0,1
12.0,1,3,2.0,1,2.0,1,1.0,2.0,1
16.0,0,1,2.0,0,1.0,1,1.0,2.0,1
9.0,1,2,2.0,1,2.0,1,1.0,2.0,1
50.0,0,2,3.0,0,4.0,1,2.0,2.0,1
2.0,1,1,2.0,1,2.0,1,1.0,2.0,1
5.0,1,1,2.0,1,2.0,1,1.0,2.0,1
4.0,0,1,2.0,1,4.0,1,1.0,2.0,1
2.0,0,2,1.0,0,2.0,1,1.0,2.0,1
2.0,0,3,2.0,0,4.0,1,2.0,1.0,1
240.0,0,3,2.0,0,6.0,1,1.0,2.0,1
20.0,0,1,2.0,0,6.0,1,2.0,2.0,1
24.0,0,3,2.0,1,4.0,1,1.0,2.0,1
52.0,0,1,3.0,0,6.0,1,3.0,2.0,1
15.0,1,3,2.0,1,2.0,1,2.0,1.0,1
52.0,0,3,2.0,0,3.0,1,2.0,2.0,1
52.0,0,3,2.0,0,3.0,1,2.0,2.0,1
6.0,0,1,3.0,0,6.0,1,2.0,2.0,1
12.0,1,1,3.0,0,6.0,1,3.0,1.0,1
1.0,0,2,3.0,0,6.0,1,2.0,2.0,1
35.0,0,2,2.0,1,4.0,3,1.0,2.0,1
16.0,0,1,3.0,0,2.0,1,2.0,2.0,1
1.0,0,1,2.0,1,2.0,1,1.0,2.0,1
1.0,0,2,2.0,1,3.0,1,1.0,2.0,1
3.0,0,2,2.0,1,6.0,1,1.0,2.0,1
3.0,0,1,2.0,1,4.0,1,1.0,2.0,1
52.0,1,2,3.0,0,3.0,1,1.0,2.0,1
4.0,0,2,1.0,0,4.0,1,1.0,2.0,1
48.0,0,1,2.0,0,2.0,1,1.0,2.0,1
12.0,1,1,2.0,1,2.0,1,2.0,2.0,1
20.0,0,2,2.0,0,3.0,1,2.0,1.0,1
3.0,0,1,2.0,0,1.0,1,1.0,2.0,1
12.0,1,1,3.0,1,3.0,1,2.0,2.0,1
60.0,0,2,4.0,0,3.0,1,3.0,2.0,1
8.0,1,1,3.0,0,6.0,1,2.0,1.0,1
12.0,1,2,4.0,1,3.0,1,2.0,2.0,1
4.0,0,2,2.0,0,2.0,1,1.0,2.0,1
20.0,0,4,2.0,0,2.0,1,1.0,2.0,1
12.0,0,3,4.0,1,4.0,1,2.0,2.0,1
48.0,1,1,2.0,0,6.0,1,2.0,2.0,1
20.0,1,1,2.0,0,6.0,1,1.0,2.0,1
36.0,0,2,2.0,0,2.0,1,2.0,2.0,1
48.0,0,1,2.0,0,2.0,1,2.0,2.0,1
2.0,0,1,2.0,0,6.0,1,1.0,2.0,1
20.0,0,2,3.0,0,6.0,1,2.0,2.0,1
4.0,0,1,2.0,1,6.0,1,1.0,2.0,1
52.0,0,1,2.0,1,4.0,1,1.0,2.0,1
20.0,0,2,2.0,0,4.0,1,2.0,2.0,1
12.0,0,3,2.0,0,4.0,1,1.0,2.0,1
52.0,0,2,4.0,1,3.0,1,2.0,2.0,1
24.0,0,2,4.0,0,4.0,1,2.0,2.0,1
4.0,1,1,2.0,0,6.0,1,2.0,1.0,1
16.0,1,3,3.0,1,3.0,1,1.0,2.0,1
12.0,0,3,5.0,0,6.0,1,2.0,1.0,1
52.0,1,3,2.0,1,6.0,1,2.0,1.0,1
58.0,1,1,2.0,0,4.0,1,1.0,2.0,1
4.0,0,1,2.0,0,4.0,1,1.0,2.0,1
24.0,0,1,1.0,0,2.0,3,1.0,2.0,1
18.0,0,1,2.0,1,2.0,3,1.0,2.0,1
5.0,0,2,1.0,1,2.0,1,1.0,2.0,1
36.0,1,2,2.0,1,4.0,1,1.0,2.0,1
4.0,0,2,2.0,0,2.0,1,1.0,2.0,1
48.0,0,1,2.0,0,4.0,1,1.0,2.0,1
19.0,0,2,2.0,0,1.0,1,1.0,2.0,1
4.0,0,1,3.0,0,1.0,1,3.0,2.0,1
52.0,0,2,1.0,0,1.0,1,1.0,2.0,1
8.0,1,3,3.0,1,2.0,1,2.0,2.0,1
8.0,1,1,2.0,1,2.0,1,1.0,2.0,1
8.0,1,2,2.0,1,3.0,1,1.0,2.0,1
24.0,0,3,3.0,1,4.0,1,1.0,2.0,1
3.0,0,2,2.0,1,4.0,1,1.0,2.0,1
20.0,0,2,3.0,0,4.0,1,1.0,2.0,1
52.0,0,1,2.0,1,6.0,1,2.0,2.0,1
2.0,0,1,2.0,0,6.0,1,1.0,2.0,1
156.0,0,1,2.0,0,6.0,1,2.0,2.0,1
104.0,0,1,2.0,0,2.0,1,1.0,2.0,1
52.0,0,3,2.0,1,2.0,1,1.0,2.0,1
76.0,0,1,3.0,0,6.0,1,2.0,2.0,1
28.0,0,1,3.0,0,6.0,1,2.0,2.0,1
8.0,1,1,2.0,1,2.0,1,2.0,2.0,1
208.0,0,2,2.0,1,2.0,3,2.0,2.0,1
35.0,0,1,3.0,0,2.0,1,2.0,2.0,1
4.0,0,2,2.0,1,4.0,1,2.0,2.0,1
28.0,0,2,2.0,0,4.0,1,1.0,2.0,1
2.0,0,1,3.0,0,6.0,1,2.0,1.0,1
8.0,1,3,2.0,1,3.0,1,1.0,2.0,1
20.0,0,2,4.0,0,6.0,2,2.0,2.0,1
3.0,0,2,2.0,0,2.0,1,2.0,2.0,1
20.0,0,1,2.0,0,2.0,1,2.0,2.0,1
10.0,0,1,2.0,0,6.0,1,2.0,2.0,1
4.0,0,1,3.0,0,6.0,1,2.0,2.0,1
14.0,0,3,2.0,1,4.0,1,1.0,2.0,1
4.0,0,2,3.0,0,4.0,3,1.0,2.0,1
8.0,0,1,2.0,1,6.0,1,1.0,2.0,1
24.0,0,3,2.0,1,4.0,1,1.0,2.0,1
4.0,1,1,2.0,0,1.0,1,2.0,1.0,1
12.0,0,2,2.0,1,4.0,1,2.0,2.0,1
3.0,0,2,3.0,1,2.0,1,3.0,2.0,1
8.0,0,2,3.0,0,4.0,1,2.0,2.0,1
2.0,1,1,2.0,0,6.0,1,2.0,2.0,1
12.0,0,2,2.0,1,3.0,1,3.0,2.0,1
18.0,0,3,3.0,1,4.0,1,1.0,2.0,1
40.0,1,2,2.0,1,2.0,1,1.0,2.0,1
12.0,0,2,2.0,1,2.0,1,2.0,2.0,1
24.0,1,1,4.0,0,2.0,1,2.0,2.0,1
52.0,0,3,2.0,1,4.0,1,3.0,2.0,1
8.0,1,2,2.0,1,2.0,1,1.0,2.0,1
12.0,1,1,2.0,0,6.0,3,1.0,2.0,1
2.0,1,1,1.0,0,6.0,3,1.0,2.0,1
52.0,0,2,3.0,0,6.0,1,2.0,2.0,1
6.0,0,2,3.0,1,4.0,1,2.0,2.0,1
52.0,0,2,2.0,0,2.0,1,1.0,2.0,1
12.0,0,2,2.0,0,2.0,3,1.0,2.0,1
52.0,0,1,2.0,1,2.0,1,2.0,2.0,1
12.0,0,2,2.0,0,3.0,1,2.0,2.0,1
8.0,1,1,2.0,1,6.0,1,2.0,2.0,1
5.0,0,1,2.0,0,6.0,1,1.0,2.0,1
2.0,0,2,2.0,1,4.0,1,1.0,2.0,1
2.0,1,2,3.0,1,6.0,1,2.0,2.0,1
32.0,0,1,2.0,1,2.0,1,2.0,2.0,1
16.0,0,2,2.0,1,4.0,1,1.0,2.0,1
12.0,1,1,2.0,0,6.0,1,2.0,2.0,1
150.0,1,3,2.0,0,2.0,1,2.0,2.0,1
2.0,0,2,2.0,0,5.0,1,2.0,2.0,1
208.0,1,1,3.0,0,6.0,1,2.0,2.0,1
32.0,0,1,2.0,0,6.0,1,2.0,2.0,1
84.0,0,3,4.0,0,2.0,1,2.0,2.0,1
12.0,0,2,2.0,1,4.0,1,1.0,2.0,1
8.0,0,1,2.0,0,6.0,1,3.0,2.0,1
8.0,0,1,2.0,0,6.0,1,2.0,2.0,1
3.0,0,1,2.0,0,6.0,1,2.0,2.0,1
52.0,1,1,2.0,0,4.0,1,2.0,2.0,1
3.0,0,1,2.0,1,4.0,1,2.0,2.0,1
24.0,0,2,3.0,1,4.0,1,2.0,2.0,1
20.0,0,3,2.0,1,4.0,1,2.0,2.0,1
20.0,0,1,3.0,1,4.0,3,2.0,2.0,1
259.0,0,2,2.0,0,2.0,1,3.0,2.0,1
24.0,1,2,3.0,0,4.0,1,1.0,2.0,1
1.0,0,1,2.0,1,4.0,1,1.0,2.0,1
44.0,0,2,2.0,0,2.0,1,2.0,2.0,1
54.0,0,3,2.0,1,4.0,1,2.0,2.0,1
42.0,0,1,2.0,0,4.0,1,2.0,2.0,1
10.0,1,1,2.0,1,2.0,1,1.0,2.0,1
36.0,0,3,2.0,1,4.0,3,1.0,2.0,1
32.0,1,3,2.0,1,2.0,1,1.0,2.0,1
4.0,1,1,2.0,0,6.0,1,2.0,1.0,1
8.0,1,3,2.0,1,3.0,1,1.0,1.0,1
100.0,1,2,3.0,1,6.0,1,1.0,2.0,1
104.0,0,2,3.0,1,4.0,3,1.0,2.0,1
56.0,0,1,3.0,0,4.0,1,2.0,2.0,1
8.0,0,2,2.0,0,4.0,1,2.0,2.0,1
16.0,0,3,2.0,0,2.0,1,1.0,2.0,1
4.0,0,1,3.0,0,2.0,1,1.0,2.0,1
12.0,0,2,2.0,0,2.0,1,3.0,2.0,1
104.0,0,3,3.0,1,4.0,1,1.0,2.0,1
12.0,1,1,2.0,0,6.0,1,2.0,1.0,1
245.0,0,3,2.0,0,3.0,1,1.0,2.0,1
150.0,1,1,2.0,0,6.0,1,1.0,2.0,1
40.0,0,2,1.0,1,4.0,1,1.0,2.0,1
6.0,0,1,2.0,0,4.0,1,1.0,2.0,1
4.0,0,2,2.0,0,6.0,1,2.0,2.0,1
144.0,0,3,2.0,1,2.0,1,1.0,2.0,1
4.0,0,1,2.0,0,4.0,1,1.0,2.0,1
144.0,0,3,2.0,0,2.0,1,1.0,2.0,1
8.0,0,2,2.0,0,2.0,1,2.0,2.0,1
60.0,0,2,2.0,0,3.0,1,3.0,2.0,1
12.0,0,2,2.0,0,4.0,1,2.0,2.0,1
72.0,0,2,2.0,0,4.0,1,1.0,2.0,1
52.0,1,1,2.0,0,6.0,1,1.0,2.0,1
12.0,0,2,2.0,0,3.0,1,2.0,2.0,1
200.0,1,3,2.0,1,4.0,1,1.0,2.0,1
40.0,0,3,3.0,1,4.0,1,2.0,2.0,1
96.0,0,2,3.0,0,2.0,1,2.0,2.0,1
72.0,0,2,3.0,1,4.0,1,2.0,2.0,1
48.0,0,1,3.0,0,6.0,1,2.0,1.0,1
52.0,0,2,2.0,0,2.0,1,2.0,2.0,1
56.0,0,3,2.0,0,2.0,1,2.0,2.0,1
53.0,0,2,3.0,1,2.0,1,1.0,2.0,1
52.0,0,2,3.0,1,6.0,1,2.0,2.0,1
4.0,0,1,2.0,0,6.0,1,2.0,2.0,1
52.0,0,1,2.0,0,6.0,1,2.0,2.0,1
104.0,0,2,3.0,0,6.0,1,2.0,2.0,1
104.0,0,2,2.0,0,6.0,1,2.0,2.0,1
40.0,0,3,2.0,0,2.0,1,2.0,2.0,1
18.0,0,2,2.0,0,1.0,1,2.0,2.0,1
6.0,1,2,2.0,1,2.0,1,1.0,2.0,1
12.0,0,1,3.0,0,4.0,1,1.0,2.0,1
24.0,0,1,4.0,0,2.0,1,2.0,2.0,1
24.0,0,1,3.0,1,3.0,1,2.0,2.0,1
24.0,0,2,3.0,1,4.0,1,2.0,2.0,1
12.0,0,3,2.0,1,4.0,3,1.0,2.0,1
12.0,0,1,2.0,0,6.0,1,1.0,2.0,1
4.0,0,1,2.0,0,6.0,1,1.0,2.0,1
2.0,1,2,3.0,1,2.0,2,1.0,1.0,1
52.0,0,1,2.0,0,2.0,1,1.0,2.0,1
8.0,0,2,2.0,1,4.0,1,2.0,2.0,1
2.0,0,2,3.0,0,6.0,1,2.0,1.0,1
2.0,0,1,3.0,0,6.0,1,2.0,2.0,1
9.0,1,3,2.0,1,1.0,1,1.0,1.0,1
12.0,0,1,2.0,0,6.0,1,1.0,2.0,1
48.0,0,1,2.0,0,4.0,1,1.0,2.0,1
74.0,0,1,3.0,0,6.0,1,2.0,2.0,1
84.0,1,3,2.0,1,3.0,1,1.0,2.0,1
4.0,0,2,3.0,1,4.0,1,2.0,2.0,1
48.0,1,3,4.0,1,2.0,1,2.0,2.0,1
48.0,0,3,4.0,0,3.0,1,2.0,2.0,1
104.0,0,1,4.0,1,6.0,1,3.0,2.0,1
104.0,0,1,2.0,0,2.0,1,3.0,2.0,1
8.0,0,1,2.0,1,4.0,1,1.0,2.0,1
12.0,0,1,3.0,1,4.0,1,1.0,2.0,1
2.0,1,4,2.0,1,2.0,1,1.0,2.0,1
14.0,0,2,4.0,1,4.0,1,2.0,2.0,1
2.0,0,2,2.0,1,6.0,1,1.0,2.0,1
5.0,0,2,2.0,0,2.0,1,1.0,2.0,1
12.0,0,2,2.0,0,2.0,1,1.0,2.0,1
60.0,0,3,3.0,1,3.0,1,1.0,2.0,1
2.0,1,3,2.0,0,3.0,1,1.0,2.0,1
8.0,1,3,3.0,0,6.0,2,2.0,1.0,1
6.0,0,1,2.0,0,3.0,1,1.0,2.0,1
24.0,0,1,2.0,1,2.0,1,2.0,2.0,1
21.0,0,3,2.0,0,4.0,1,1.0,2.0,1
2.0,1,2,3.0,1,2.0,1,2.0,2.0,1
60.0,0,2,2.0,0,6.0,1,2.0,2.0,1
40.0,0,2,2.0,1,4.0,1,2.0,2.0,1
12.0,0,1,3.0,0,6.0,1,1.0,2.0,1
52.0,0,1,2.0,0,6.0,1,2.0,2.0,1
104.0,0,3,3.0,0,2.0,1,2.0,2.0,1
70.0,0,1,2.0,1,3.0,1,1.0,2.0,1
20.0,0,2,2.0,0,6.0,1,1.0,2.0,1
104.0,0,3,2.0,1,4.0,1,1.0,2.0,1
2.0,0,1,2.0,0,6.0,1,1.0,2.0,1
7.0,1,1,2.0,0,6.0,3,2.0,1.0,1
66.0,0,1,2.0,0,4.0,1,1.0,2.0,1
4.0,0,2,2.0,1,4.0,1,1.0,2.0,1
4.0,0,2,2.0,1,4.0,1,1.0,2.0,1
3.0,0,1,2.0,1,6.0,1,1.0,2.0,1
4.0,0,2,2.0,0,4.0,1,2.0,2.0,1
